{"cameraMode":{"drawMode":0,"name":"Shaded","section":"Shading Mode"},"sceneLighting":false,"audioPlay":false,"sceneViewState":{"showFog":true,"showMaterialUpdate":false,"showSkybox":false,"showFlares":true,"showImageEffects":true,"showParticleSystems":true},"in2DMode":false,"pivot":{"x":-27.429248809814454,"y":17.39276885986328,"z":74.60214233398438},"rotation":{"x":-0.019372181966900827,"y":0.9115720391273499,"z":-0.043239761143922809,"w":-0.4084011912345886},"size":9.3070068359375,"orthographic":false}